<?xml version="1.0" encoding="utf-8" ?><dwsync><file name=".htaccess" server="46.32.240.13/public_html/" local="3601297506" remote="3603354660" Dst="-1" /><file name="index.html" server="Macintosh HD/Library/WebServer/Documents/niklever.com/" local="3603110276" remote="3603110276" Dst="-1" /><file name="flowers.png" server="Macintosh HD/Library/WebServer/Documents/niklever.com/" local="3598781698" remote="3598781698" Dst="-1" /><file name="matter.min.js" server="Macintosh HD/Library/WebServer/Documents/niklever.com/" local="3601296740" remote="3601296740" Dst="-1" /><file name="flowers.json" server="Macintosh HD/Library/WebServer/Documents/niklever.com/" local="3598781698" remote="3598781698" Dst="-1" /><file name=".htaccess" server="Macintosh HD/Library/WebServer/Documents/niklever.com/" local="3601297506" remote="3601297506" Dst="-1" /><file name="game.js" server="Macintosh HD/Library/WebServer/Documents/niklever.com/" local="3603110348" remote="3603110348" Dst="-1" /><file name="game.js" server="46.32.240.13/public_html/" local="3603110348" remote="3603354660" Dst="-1" /><file name="index.html" server="46.32.240.13/public_html/" local="3603110276" remote="3603354660" Dst="-1" /><file name="matter.min.js" server="46.32.240.13/public_html/" local="3601296740" remote="3603354660" Dst="-1" /><file name="flowers.json" server="46.32.240.13/public_html/" local="3598781698" remote="3603712440" Dst="-1" /><file name="flowers.png" server="46.32.240.13/public_html/" local="3598781698" remote="3603712440" Dst="-1" /></dwsync>