<?xml version="1.0" encoding="utf-8" ?><dwsync><file name="sfxBoost.mp3" server="Macintosh HD/Library/WebServer/Documents/niklever.com/" local="3624794842" remote="3624794842" Dst="-1" /><file name="iAirgunwav.mp3" server="Macintosh HD/Library/WebServer/Documents/niklever.com/" local="3624794842" remote="3624794842" Dst="-1" /><file name="Vanish03wav.mp3" server="Macintosh HD/Library/WebServer/Documents/niklever.com/" local="3624794842" remote="3624794842" Dst="-1" /><file name="sfxDig.mp3" server="Macintosh HD/Library/WebServer/Documents/niklever.com/" local="3624794842" remote="3624794842" Dst="-1" /><file name="sfxLoop.mp3" server="Macintosh HD/Library/WebServer/Documents/niklever.com/" local="3624794842" remote="3624794842" Dst="-1" /><file name="sfxRun.mp3" server="Macintosh HD/Library/WebServer/Documents/niklever.com/" local="3624794842" remote="3624794842" Dst="-1" /><file name="sfxAlien.mp3" server="Macintosh HD/Library/WebServer/Documents/niklever.com/" local="3624794842" remote="3624794842" Dst="-1" /><file name="rikHitwav.mp3" server="Macintosh HD/Library/WebServer/Documents/niklever.com/" local="3624794842" remote="3624794842" Dst="-1" /><file name="iAirgunwav.mp3" server="46.32.240.13/public_html/" local="3624794842" remote="3625144380" Dst="-1" /><file name="rikHitwav.mp3" server="46.32.240.13/public_html/" local="3624794842" remote="3625144380" Dst="-1" /><file name="sfxAlien.mp3" server="46.32.240.13/public_html/" local="3624794842" remote="3625144380" Dst="-1" /><file name="sfxBoost.mp3" server="46.32.240.13/public_html/" local="3624794842" remote="3625144380" Dst="-1" /><file name="sfxDig.mp3" server="46.32.240.13/public_html/" local="3624794842" remote="3625144380" Dst="-1" /><file name="sfxLoop.mp3" server="46.32.240.13/public_html/" local="3624794842" remote="3625144380" Dst="-1" /><file name="sfxRun.mp3" server="46.32.240.13/public_html/" local="3624794842" remote="3625144380" Dst="-1" /><file name="Vanish03wav.mp3" server="46.32.240.13/public_html/" local="3624794842" remote="3625144380" Dst="-1" /></dwsync>