<?xml version="1.0" encoding="utf-8" ?><dwsync><file name=".htaccess" server="Macintosh HD/Library/WebServer/Documents/niklever.com/" local="3601383406" remote="3601383406" Dst="-1" /><file name="game.js" server="Macintosh HD/Library/WebServer/Documents/niklever.com/" local="3603110564" remote="3603110564" Dst="-1" /><file name="spritoon.js" server="Macintosh HD/Library/WebServer/Documents/niklever.com/" local="3601471444" remote="3601471444" Dst="-1" /><file name="index.html" server="Macintosh HD/Library/WebServer/Documents/niklever.com/" local="3603110405" remote="3603110405" Dst="-1" /><file name="bucket.json" server="Macintosh HD/Library/WebServer/Documents/niklever.com/" local="3598702999" remote="3598702999" Dst="-1" /><file name="matter.min.js" server="Macintosh HD/Library/WebServer/Documents/niklever.com/" local="3601296740" remote="3601296740" Dst="-1" /><file name="bucket.png" server="Macintosh HD/Library/WebServer/Documents/niklever.com/" local="3598703000" remote="3598703000" Dst="-1" /><file name=".htaccess" server="46.32.240.13/public_html/" local="3601383406" remote="3603354660" Dst="-1" /><file name="game.js" server="46.32.240.13/public_html/" local="3603110564" remote="3603354660" Dst="-1" /><file name="index.html" server="46.32.240.13/public_html/" local="3603110405" remote="3603354660" Dst="-1" /><file name="matter.min.js" server="46.32.240.13/public_html/" local="3601296740" remote="3603354660" Dst="-1" /><file name="spritoon.js" server="46.32.240.13/public_html/" local="3601471444" remote="3603354660" Dst="-1" /><file name="bucket.json" server="46.32.240.13/public_html/" local="3598702999" remote="3603712440" Dst="-1" /><file name="bucket.png" server="46.32.240.13/public_html/" local="3598703000" remote="3603712440" Dst="-1" /></dwsync>