<?xml version="1.0" encoding="utf-8" ?><dwsync><file name=".htaccess" server="Macintosh HD/Library/WebServer/Documents/niklever.com/" local="3601615812" remote="3601615812" Dst="-1" /><file name="spritoon.js" server="Macintosh HD/Library/WebServer/Documents/niklever.com/" local="3601988714" remote="3601988714" Dst="-1" /><file name="index.html" server="Macintosh HD/Library/WebServer/Documents/niklever.com/" local="3603110657" remote="3603110657" Dst="-1" /><file name="game.js" server="Macintosh HD/Library/WebServer/Documents/niklever.com/" local="3601645871" remote="3601645871" Dst="-1" /><file name="quick_swish.webm" server="Macintosh HD/Library/WebServer/Documents/niklever.com/" local="3601617226" remote="3601617226" Dst="-1" /><file name="quick_swish_1.webm" server="Macintosh HD/Library/WebServer/Documents/niklever.com/" local="3601618547" remote="3601618547" Dst="-1" /><file name="quick_swish.mp3" server="Macintosh HD/Library/WebServer/Documents/niklever.com/" local="3601616732" remote="3601616732" Dst="-1" /><file name="music.mp3" server="Macintosh HD/Library/WebServer/Documents/niklever.com/" local="3601645182" remote="3601645182" Dst="-1" /><file name="music.webm" server="Macintosh HD/Library/WebServer/Documents/niklever.com/" local="3601645485" remote="3601645485" Dst="-1" /><file name=".htaccess" server="46.32.240.13/public_html/" local="3601615812" remote="3603354660" Dst="-1" /><file name="game.js" server="46.32.240.13/public_html/" local="3601645871" remote="3603354660" Dst="-1" /><file name="index.html" server="46.32.240.13/public_html/" local="3603110657" remote="3603354660" Dst="-1" /><file name="music.mp3" server="46.32.240.13/public_html/" local="3601645182" remote="3603354660" Dst="-1" /><file name="music.webm" server="46.32.240.13/public_html/" local="3601645485" remote="3603354660" Dst="-1" /><file name="quick_swish.mp3" server="46.32.240.13/public_html/" local="3601616732" remote="3603354660" Dst="-1" /><file name="quick_swish.webm" server="46.32.240.13/public_html/" local="3601617226" remote="3603354660" Dst="-1" /><file name="quick_swish_1.webm" server="46.32.240.13/public_html/" local="3601618547" remote="3603354660" Dst="-1" /><file name="spritoon.js" server="46.32.240.13/public_html/" local="3601988714" remote="3603354660" Dst="-1" /></dwsync>