<?xml version="1.0" encoding="utf-8" ?><dwsync><file name="game.js" server="Macintosh HD/Library/WebServer/Documents/niklever.com/" local="3624107050" remote="3624107050" Dst="-1" /><file name="index.html" server="Macintosh HD/Library/WebServer/Documents/niklever.com/" local="3624106458" remote="3624106458" Dst="-1" /><file name="index.html" server="46.32.240.13/public_html/" local="3624106458" remote="3625144380" Dst="-1" /><file name="game.js" server="46.32.240.13/public_html/" local="3624107050" remote="3625144380" Dst="-1" /><file name="spacecowboy.html" server="46.32.240.13/public_html/" local="3624096921" remote="3625144380" Dst="-1" /><file name="spacecowboy.js" server="46.32.240.13/public_html/" local="3624096921" remote="3625144380" Dst="-1" /><file name="spacecowboy.html" server="Macintosh HD/Library/WebServer/Documents/niklever.com/" local="3624096921" remote="3624096921" Dst="-1" /><file name="spacecowboy.js" server="Macintosh HD/Library/WebServer/Documents/niklever.com/" local="3624096921" remote="3624096921" Dst="-1" /></dwsync>