{"frames": [

{
	"filename": "flowers0001.png",
	"frame": {"x":1,"y":61,"w":56,"h":54},
	"rotated": false,
	"trimmed": true,
	"spriteSourceSize": {"x":4,"y":5,"w":56,"h":54},
	"sourceSize": {"w":64,"h":64},
	"pivot": {"x":0.5,"y":0.5}
},
{
	"filename": "flowers0002.png",
	"frame": {"x":59,"y":64,"w":56,"h":54},
	"rotated": false,
	"trimmed": true,
	"spriteSourceSize": {"x":5,"y":4,"w":56,"h":54},
	"sourceSize": {"w":64,"h":64},
	"pivot": {"x":0.5,"y":0.5}
},
{
	"filename": "flowers0003.png",
	"frame": {"x":1,"y":117,"w":55,"h":54},
	"rotated": false,
	"trimmed": true,
	"spriteSourceSize": {"x":5,"y":4,"w":55,"h":54},
	"sourceSize": {"w":64,"h":64},
	"pivot": {"x":0.5,"y":0.5}
},
{
	"filename": "flowers0004.png",
	"frame": {"x":58,"y":120,"w":53,"h":51},
	"rotated": false,
	"trimmed": true,
	"spriteSourceSize": {"x":6,"y":7,"w":53,"h":51},
	"sourceSize": {"w":64,"h":64},
	"pivot": {"x":0.5,"y":0.5}
},
{
	"filename": "flowers0005.png",
	"frame": {"x":1,"y":1,"w":60,"h":58},
	"rotated": false,
	"trimmed": true,
	"spriteSourceSize": {"x":2,"y":2,"w":60,"h":58},
	"sourceSize": {"w":64,"h":64},
	"pivot": {"x":0.5,"y":0.5}
},
{
	"filename": "flowers0006.png",
	"frame": {"x":63,"y":1,"w":54,"h":61},
	"rotated": false,
	"trimmed": true,
	"spriteSourceSize": {"x":6,"y":3,"w":54,"h":61},
	"sourceSize": {"w":64,"h":64},
	"pivot": {"x":0.5,"y":0.5}
}],
"meta": {
	"app": "http://www.codeandweb.com/texturepacker",
	"version": "1.0",
	"image": "flowers.png",
	"format": "RGBA8888",
	"size": {"w":118,"h":172},
	"scale": "1",
	"smartupdate": "$TexturePacker:SmartUpdate:8b7b08242e3bef5519a8240c76a57859:73c2a236bcd4bd1650ada0f453680493:28752e36ec8a243f3fc6186cb9fec8fe$"
}
}
