<?xml version="1.0" encoding="utf-8" ?><dwsync><file name="index.html" server="Macintosh HD/Library/WebServer/Documents/" local="3624533555" remote="3624533555" Dst="-1" /><file name="game.js" server="Macintosh HD/Library/WebServer/Documents/" local="3624527790" remote="3624527790" Dst="-1" /><file name="ariblk.woff" server="46.32.240.13/public_html/" local="3624533454" remote="3624533640" Dst="-1" /><file name="avocado.woff" server="46.32.240.13/public_html/" local="3624533474" remote="3624533640" Dst="-1" /><file name="index.html" server="46.32.240.13/public_html/" local="3624533925" remote="3624533880" Dst="-1" /><file name="game.js" server="46.32.240.13/public_html/" local="3624527790" remote="3624533640" Dst="-1" /><file name="pong.js" server="46.32.240.13/public_html/" local="3624527272" remote="3624533640" Dst="-1" /><file name=".htaccess" server="46.32.240.13/public_html/" local="3624533738" remote="3624533700" Dst="-1" /></dwsync>