<?xml version="1.0" encoding="utf-8" ?><dwsync><file name="spacecowboy-v2.fla" server="46.32.240.13/public_html/" local="3624794532" remote="3625144380" Dst="-1" /><file name="spacecowboy-v4.fla" server="46.32.240.13/public_html/" local="3624870011" remote="3625144380" Dst="-1" /><file name="spacecowboy-v1.fla" server="46.32.240.13/public_html/" local="3624096908" remote="3625144380" Dst="-1" /><file name="spacecowboy-v3.fla" server="46.32.240.13/public_html/" local="3624794830" remote="3625144380" Dst="-1" /><file name="spacecowboy-v4.fla" server="Macintosh HD/Library/WebServer/Documents/niklever.com/" local="3625386730" remote="3625386730" Dst="-1" /><file name="spacecowboy-v3.fla" server="Macintosh HD/Library/WebServer/Documents/niklever.com/" local="3624794830" remote="3624794830" Dst="-1" /><file name="spacecowboy-v2.fla" server="Macintosh HD/Library/WebServer/Documents/niklever.com/" local="3624794532" remote="3624794532" Dst="-1" /><file name="spacecowboy-v1.fla" server="Macintosh HD/Library/WebServer/Documents/niklever.com/" local="3624096908" remote="3624096908" Dst="-1" /></dwsync>